Total Amount,Date,SICK LEGEND,TEKKNO,HYPERTECHNO,TECHNO N TEQUILLA,DRILL GATES,SPED UP DRILL GATES,11:11 Music Group,TWO PUNKS IN LOVE,RAINY JASPER,AMBIENT JASPER,90210,DEADBOY,REAL ARTISTS,Source
4355558,"June 19, 2023",1475275.0,627441.0,146109.0,3988,369663.0,2408.0,1041178,155.0,550955,76754.0,15.0,61617,,STREAMS
3702168,"June 18, 2023",1111270.0,497576.0,121115.0,3013,327098.0,1859.0,988672,213.0,522490,70715.0,14.0,58133,,STREAMS
4058779,"June 17, 2023",1300356.0,615061.0,153114.0,3709,353424.0,2576.0,997329,144.0,506196,64295.0,21.0,62554,,STREAMS
4394572,"June 16, 2023",1534782.0,705831.0,172371.0,3965,363246.0,2212.0,1001860,151.0,465344,76781.0,15.0,68014,,STREAMS
4360916,"June 15, 2023",1496969.0,650762.0,164541.0,3499,364716.0,2289.0,981442,170.0,541294,87496.0,24.0,67714,,STREAMS
4256356,"June 14, 2023",1461112.0,646236.0,163490.0,3359,350621.0,1996.0,946888,192.0,533034,75793.0,17.0,73618,,STREAMS
4226407,"June 13, 2023",1468576.0,640513.0,156907.0,3387,354923.0,2529.0,938649,173.0,510016,78058.0,12.0,72664,,STREAMS
4208443,"June 12, 2023",1423727.0,615110.0,161406.0,3337,343116.0,2234.0,947584,197.0,564522,77810.0,9.0,69391,,STREAMS
3609667,"June 11, 2023",1072428.0,515130.0,123177.0,2883,332053.0,1633.0,898033,120.0,533201,70240.0,17.0,60752,,STREAMS
3909885,"June 10, 2023",1252777.0,598029.0,143803.0,3219,333826.0,1714.0,917584,792.0,519454,66404.0,25.0,72258,,STREAMS
4327558,"June 9, 2023",1493134.0,678300.0,161598.0,3621,363079.0,2466.0,942990,1429.0,531996,76792.0,13.0,72140,,STREAMS
4223225,"June 8, 2023",1456786.0,622152.0,152517.0,3153,331151.0,2343.0,931372,393.0,567689,92078.0,12.0,63579,,STREAMS
4327340,"June 7, 2023",1532783.0,665368.0,157268.0,3299,335318.0,2601.0,915254,157.0,564656,85717.0,23.0,64896,,STREAMS
4300365,"June 6, 2023",1520307.0,656531.0,157660.0,3199,362743.0,2421.0,922485,151.0,518599,89684.0,12.0,66573,,STREAMS
4309149,"June 5, 2023",1511916.0,666001.0,147501.0,2789,356779.0,2542.0,897203,127.0,576688,81761.0,21.0,65821,,STREAMS
3708529,"June 4, 2023",1162692.0,544176.0,122289.0,2527,340741.0,2488.0,880833,199.0,518882,72389.0,14.0,61299,,STREAMS
4067814,"June 3, 2023",1363155.0,661106.0,151332.0,3015,370427.0,2775.0,896278,155.0,481159,69893.0,12.0,68507,,STREAMS
4430639,"June 2, 2023",1593338.0,726777.0,167486.0,3376,365305.0,2808.0,907409,127.0,519739,74825.0,9.0,69440,,STREAMS
4361749,"June 1, 2023",1547930.0,701206.0,155060.0,2961,351297.0,2394.0,910162,140.0,531938,88808.0,13.0,69840,,STREAMS
4064392,"May 31, 2023",1454191.0,643578.0,136116.0,3035,299092.0,2237.0,888439,132.0,496389,76980.0,17.0,64186,,STREAMS
4087837,"May 30, 2023",1464066.0,628042.0,129012.0,2691,289819.0,2215.0,893348,191.0,534310,78212.0,20.0,65911,,STREAMS
3896147,"May 29, 2023",1385318.0,534667.0,108466.0,2408,282038.0,2387.0,891997,151.0,540861,85758.0,39.0,62057,,STREAMS
3530636,"May 28, 2023",1159559.0,531802.0,101449.0,2155,254500.0,2514.0,859905,134.0,488874,73539.0,19.0,56186,,STREAMS
3858312,"May 27, 2023",1344188.0,633221.0,117860.0,2496,267006.0,2349.0,884762,124.0,467848,75234.0,19.0,63205,,STREAMS
4339102,"May 26, 2023",1621947.0,740286.0,139103.0,2417,274822.0,2304.0,899184,110.0,512729,78324.0,25.0,67851,,STREAMS
4045868,"May 25, 2023",1490192.0,608075.0,125526.0,1678,268496.0,2496.0,905576,152.0,500587,80503.0,33.0,62554,,STREAMS
4156418,"May 24, 2023",1534715.0,618125.0,120049.0,1389,282282.0,2319.0,915541,177.0,535891,86597.0,18.0,59315,,STREAMS
4162935,"May 23, 2023",1538505.0,604812.0,115430.0,1318,282200.0,2228.0,924608,176.0,539366,92539.0,20.0,61733,,STREAMS
4082181,"May 22, 2023",1483698.0,600434.0,130078.0,1178,272479.0,2171.0,906516,150.0,529475,93048.0,21.0,62933,,STREAMS
3561542,"May 21, 2023",1137555.0,523787.0,114692.0,902,265522.0,2176.0,907169,131.0,481610,67380.0,19.0,60599,,STREAMS
3874540,"May 20, 2023",1323193.0,623637.0,139530.0,1038,283954.0,3299.0,920138,128.0,449101,65392.0,11.0,65119,,STREAMS
4186412,"May 19, 2023",1519511.0,645310.0,151278.0,1231,315656.0,2501.0,905955,137.0,481665,80961.0,15.0,82192,,STREAMS
4139183,"May 18, 2023",1458630.0,601766.0,136712.0,624,322064.0,3080.0,913955,128.0,529531,92871.0,8.0,79814,,STREAMS
4360060,"May 17, 2023",1589442.0,686687.0,153356.0,326,325322.0,2373.0,923658,137.0,523555,74086.0,19.0,81099,,STREAMS
4242691,"May 16, 2023",1571366.0,614311.0,139024.0,338,303839.0,2440.0,916084,126.0,523536,88933.0,13.0,82681,,STREAMS
4203876,"May 15, 2023",1529597.0,627270.0,128467.0,284,306447.0,2425.0,917974,130.0,531525,80061.0,16.0,79680,,STREAMS
3579401,"May 14, 2023",1136933.0,509723.0,106028.0,246,304731.0,2528.0,892096,110.0,488563,67813.0,12.0,70618,,STREAMS
3980371,"May 13, 2023",1364388.0,633190.0,136347.0,182,323967.0,2796.0,903685,102.0,468457,70003.0,162.0,77092,,STREAMS
4370728,"May 12, 2023",1605392.0,743014.0,144733.0,95,326753.0,2657.0,910250,109.0,483345,79438.0,23.0,74919,,STREAMS
4238260,"May 11, 2023",1531860.0,657999.0,126904.0,18,318320.0,2456.0,907203,182.0,535611,84898.0,23.0,72786,,STREAMS
4293636,"May 10, 2023",1609077.0,647966.0,131936.0,33,337216.0,2526.0,905074,162.0,510812,81748.0,20.0,67066,,STREAMS
4238922,"May 9, 2023",1623343.0,645191.0,125668.0,29,329041.0,2463.0,896272,196.0,472712,80096.0,24.0,63887,,STREAMS
4270492,"May 8, 2023",1607020.0,634238.0,121266.0,27,339506.0,2426.0,922326,190.0,501702,77919.0,28.0,63844,,STREAMS
3707343,"May 7, 2023",1238493.0,500630.0,96172.0,19,340424.0,2770.0,907662,167.0,490960,67980.0,33.0,62033,,STREAMS
4062661,"May 6, 2023",1450987.0,642718.0,112946.0,17,361647.0,2922.0,935794,292.0,431583,58138.0,41.0,65576,,STREAMS
4355252,"May 5, 2023",1665797.0,692077.0,125123.0,44,357093.0,2830.0,956427,341.0,424616,63642.0,25.0,67237,,STREAMS
4102713,"May 4, 2023",1619910.0,599738.0,121801.0,25,320799.0,3038.0,931579,458.0,363335,73897.0,22.0,68111,,STREAMS
4053718,"May 3, 2023",1502651.0,580199.0,111674.0,11,282860.0,3311.0,929760,449.0,508382,73742.0,25.0,60654,,STREAMS
3943820,"May 2, 2023",1464098.0,567504.0,105802.0,0,286127.0,3138.0,919412,259.0,467014,67329.0,24.0,63113,,STREAMS
3683204,"May 1, 2023",1261811.0,467974.0,93133.0,0,290669.0,3340.0,938341,251.0,501885,64069.0,19.0,61712,,STREAMS
3541301,"April 30, 2023",1161550.0,507709.0,92175.0,0,283501.0,3636.0,907477,288.0,463643,62316.0,23.0,58983,,STREAMS
3793566,"April 29, 2023",1341730.0,572757.0,100882.0,0,301198.0,3735.0,938968,361.0,414809,56628.0,27.0,62471,,STREAMS
4216278,"April 28, 2023",1535031.0,653804.0,110075.0,0,304962.0,4022.0,965015,266.0,509310,70215.0,18.0,63560,,STREAMS
4101535,"April 27, 2023",1516356.0,574667.0,104113.0,0,283631.0,3379.0,968571,142.0,505744,83711.0,19.0,61202,,STREAMS
4187940,"April 26, 2023",1562365.0,580663.0,101520.0,2,273408.0,3214.0,985727,140.0,534153,87403.0,9.0,59336,,STREAMS
4167573,"April 25, 2023",1544879.0,574466.0,91074.0,0,271405.0,3295.0,990973,66.0,547943,86140.0,22.0,57310,,STREAMS
4141502,"April 24, 2023",1531991.0,553710.0,90143.0,0,266093.0,3730.0,997380,69.0,554405,87375.0,30.0,56576,,STREAMS
3495884,"April 23, 2023",1136018.0,451084.0,70290.0,0,256024.0,3512.0,957410,63.0,489510,79365.0,14.0,52594,,STREAMS
3878325,"April 22, 2023",1350336.0,594280.0,81753.0,0,273058.0,3513.0,989311,40.0,459467,71786.0,22.0,54759,,STREAMS
4177953,"April 21, 2023",1544852.0,658281.0,86132.0,0,279986.0,3492.0,1032663,41.0,440198,76878.0,25.0,55405,,STREAMS
4038981,"April 20, 2023",1488709.0,548373.0,69395.0,0,283385.0,3142.0,1025121,58.0,478040,85781.0,35.0,56942,,STREAMS
4028673,"April 19, 2023",1492656.0,541248.0,67862.0,0,280565.0,2688.0,1004926,55.0,497096,88674.0,19.0,52884,,STREAMS
4069038,"April 18, 2023",1534664.0,537993.0,64304.0,0,281008.0,2923.0,986515,31.0,510585,96310.0,34.0,54671,,STREAMS
4009730,"April 17, 2023",1499065.0,530235.0,62153.0,0,271372.0,3511.0,993593,52.0,504495,91384.0,46.0,53824,,STREAMS
3391724,"April 16, 2023",1101902.0,407722.0,47129.0,0,246094.0,3274.0,968199,50.0,489832,75772.0,25.0,51725,,STREAMS
3689549,"April 15, 2023",1303297.0,518319.0,56120.0,0,261628.0,3793.0,982995,61.0,435443,72002.0,19.0,55872,,STREAMS
4114743,"April 14, 2023",1556838.0,576940.0,64038.0,0,275127.0,4476.0,1012530,70.0,486249,78553.0,47.0,59875,,STREAMS
4006565,"April 13, 2023",1501561.0,525790.0,55241.0,0,270329.0,4235.0,997100,66.0,499906,92612.0,47.0,59678,,STREAMS
3965112,"April 12, 2023",1529026.0,516746.0,52815.0,0,272132.0,4199.0,980654,69.0,462822,89358.0,36.0,57255,,STREAMS
4148893,"April 11, 2023",1675205.0,529731.0,51946.0,0,257595.0,2808.0,1011368,101.0,479041,83833.0,60.0,57205,,STREAMS
3897989,"April 10, 2023",1454085.0,450479.0,44164.0,0,256699.0,3607.0,1009097,41.0,534718,87681.0,49.0,57369,,STREAMS
3500147,"April 9, 2023",1189150.0,435854.0,39087.0,0,238481.0,3247.0,971146,52.0,486647,81980.0,33.0,54470,,STREAMS
3845197,"April 8, 2023",1422854.0,502734.0,47245.0,0,256995.0,3170.0,1014183,71.0,476002,63782.0,16.0,58145,,STREAMS
4053776,"April 7, 2023",1525544.0,533225.0,48083.0,0,255310.0,4676.0,1044422,133.0,501072,79136.0,23.0,62152,,STREAMS
4247366,"April 6, 2023",1664488.0,577189.0,49747.0,0,257007.0,2787.0,1067751,50.0,478185,85530.0,29.0,64603,,STREAMS
4237872,"April 5, 2023",1700659.0,542381.0,40322.0,0,251764.0,2392.0,1065733,76.0,479186,89396.0,50.0,65913,,STREAMS
4373830,"April 4, 2023",1744939.0,573371.0,38548.0,0,266996.0,2141.0,1077603,50.0,507351,92454.0,42.0,70335,,STREAMS
4386455,"April 3, 2023",1752607.0,570216.0,37620.0,0,261436.0,2103.0,1079048,56.0,534823,80635.0,77.0,67834,,STREAMS
3784579,"April 2, 2023",1343232.0,465302.0,29378.0,0,252836.0,2550.0,1034930,26.0,510821,81231.0,121.0,64152,,STREAMS
4125342,"April 1, 2023",1564587.0,559774.0,36132.0,0,268507.0,2735.0,1075599,33.0,468845,80943.0,59.0,68128,,STREAMS
4479981,"March 31, 2023",1815565.0,632230.0,39979.0,0,277134.0,2610.0,1093352,32.0,465559,86480.0,146.0,66894,,STREAMS
4324444,"March 30, 2023",1752641.0,574505.0,33640.0,0,277223.0,2138.0,1070761,32.0,465099,82718.0,89.0,65598,,STREAMS
4365921,"March 29, 2023",1790510.0,547430.0,31400.0,0,274657.0,2396.0,1075884,50.0,491129,90995.0,4.0,61466,,STREAMS
4438894,"March 28, 2023",1856157.0,527699.0,29253.0,0,272370.0,2083.0,1098037,34.0,512434,80903.0,5.0,59919,,STREAMS
4339797,"March 27, 2023",1792134.0,512383.0,27581.0,0,271226.0,2196.0,1083614,35.0,505222,83707.0,7.0,61692,,STREAMS
3799266,"March 26, 2023",1373586.0,424030.0,21402.0,0,271756.0,2693.0,1064539,37.0,500693,79981.0,5.0,60544,,STREAMS
4209546,"March 25, 2023",1653540.0,544777.0,24690.0,0,292847.0,2496.0,1119283,32.0,436958,72585.0,4.0,62334,,STREAMS
4620385,"March 24, 2023",1912563.0,620210.0,24230.0,0,306353.0,2653.0,1143732,26.0,454635,91346.0,3.0,64634,,STREAMS
4578600,"March 23, 2023",1850032.0,572675.0,19142.0,0,296747.0,2746.0,1159192,13.0,517747,94046.0,4.0,66256,,STREAMS
4643734,"March 22, 2023",1864953.0,567612.0,17496.0,0,299993.0,2764.0,1172976,71.0,556204,95955.0,6.0,65704,,STREAMS
4642327,"March 21, 2023",1895819.0,545584.0,17334.0,0,307057.0,2577.0,1172016,10.0,529633,104313.0,5.0,67979,,STREAMS
4557972,"March 20, 2023",1815377.0,556493.0,17349.0,0,301407.0,2356.0,1168340,14.0,549706,80965.0,5.0,65960,,STREAMS
4016022,"March 19, 2023",1390989.0,462691.0,14943.0,0,287945.0,3144.0,1149356,16.0,561214,81253.0,3.0,64468,,STREAMS
4394131,"March 18, 2023",1669231.0,570493.0,17903.0,0,307824.0,2781.0,1196104,15.0,484218,80415.0,6.0,65141,,STREAMS
4798312,"March 17, 2023",1937763.0,660215.0,18797.0,0,320271.0,2772.0,1210198,17.0,486626,93902.0,11.0,67740,,STREAMS
4530822,"March 16, 2023",1887893.0,573671.0,14889.0,0,295896.0,2456.0,1170643,18.0,427184,89755.0,6.0,68411,,STREAMS
4630233,"March 15, 2023",1955644.0,559632.0,13079.0,0,294768.0,3063.0,1160915,18.0,475196,101204.0,3.0,66711,,STREAMS
4607576,"March 14, 2023",1974867.0,541394.0,12627.0,0,274217.0,2386.0,1157720,19.0,481500,100147.0,10.0,62689,,STREAMS
4580884,"March 13, 2023",1953877.0,537778.0,12624.0,0,284025.0,2623.0,1157004,30.0,474994,97288.0,1.0,60640,,STREAMS
3967536,"March 12, 2023",1520681.0,429315.0,8347.0,0,285323.0,2593.0,1157035,13.0,425334,79713.0,6.0,59176,,STREAMS
4299370,"March 11, 2023",1741471.0,546793.0,9878.0,0,295479.0,2930.0,1198674,14.0,367391,70883.0,2.0,65855,,STREAMS
4689520,"March 10, 2023",2005324.0,599180.0,9637.0,0,308291.0,3071.0,1228452,7.0,387474,82800.0,3.0,65281,,STREAMS
4570050,"March 9, 2023",1894680.0,513352.0,7373.0,0,293455.0,2974.0,1246483,14.0,451779,97953.0,4.0,61983,,STREAMS
4522905,"March 8, 2023",1895886.0,501753.0,5563.0,0,287717.0,2714.0,1238884,10.0,418407,109220.0,4.0,62747,,STREAMS
4601938,"March 7, 2023",1958150.0,486580.0,5553.0,0,284733.0,2787.0,1255499,11.0,432790,112939.0,4.0,62892,,STREAMS
4584822,"March 6, 2023",1910803.0,471012.0,4744.0,0,288912.0,2439.0,1261705,14.0,479292,103488.0,7.0,62406,,STREAMS
3994003,"March 5, 2023",1466514.0,368481.0,3697.0,0,275412.0,2727.0,1256486,12.0,474839,83686.0,5.0,62144,,STREAMS
4333798,"March 4, 2023",1705344.0,481992.0,3633.0,0,281954.0,3042.0,1286039,15.0,422903,82725.0,4.0,66147,,STREAMS
4667488,"March 3, 2023",1987405.0,517284.0,4005.0,0,292350.0,3153.0,1260975,11.0,433843,103921.0,12.0,64529,,STREAMS
4477228,"March 2, 2023",1843636.0,467105.0,3313.0,0,287397.0,2946.0,1279068,7.0,428843,104650.0,19.0,60244,,STREAMS
4493269,"March 1, 2023",1863947.0,446688.0,2905.0,0,290293.0,2925.0,1261107,13.0,448783,109746.0,11.0,66851,,STREAMS
4318872,"February 28, 2023",1837025.0,429652.0,2199.0,0,271764.0,2362.0,1203182,10.0,425570,90835.0,8.0,56265,,STREAMS
4310849,"February 27, 2023",1783331.0,462059.0,1676.0,0,265854.0,2438.0,1223627,17.0,420333,91896.0,8.0,59610,,STREAMS
3775590,"February 26, 2023",1346042.0,387949.0,1162.0,0,258745.0,2334.0,1209245,10.0,426075,82824.0,5.0,61199,,STREAMS
4242618,"February 25, 2023",1635422.0,478984.0,1094.0,0,285784.0,2463.0,1310429,11.0,391068,70382.0,3.0,66978,,STREAMS
4543695,"February 24, 2023",1861303.0,528197.0,912.0,0,280511.0,3258.0,1323474,14.0,400672,80621.0,4.0,64729,,STREAMS
4407689,"February 23, 2023",1773804.0,478678.0,474.0,0,248511.0,8307.0,1341840,19.0,405168,90708.0,15.0,60165,,STREAMS
4433381,"February 22, 2023",1796117.0,450888.0,251.0,0,245434.0,2282.0,1355265,9.0,427799,93090.0,25.0,62221,,STREAMS
4265723,"February 21, 2023",1703350.0,393113.0,142.0,0,244752.0,2216.0,1339698,7.0,423710,99555.0,2.0,59178,,STREAMS
4304437,"February 20, 2023",1726843.0,377253.0,81.0,0,258391.0,2756.0,1342346,7.0,446684,90822.0,6.0,59248,,STREAMS
3807450,"February 19, 2023",1375554.0,310009.0,66.0,0,236545.0,2359.0,1315389,18.0,417796,92388.0,13.0,57313,,STREAMS
4184551,"February 18, 2023",1623181.0,377767.0,72.0,0,253453.0,2725.0,1387770,8.0,388279,89733.0,3.0,61560,,STREAMS
4519075,"February 17, 2023",1852441.0,437331.0,33.0,0,255548.0,2524.0,1434308,15.0,392183,86260.0,11.0,58421,,STREAMS
4443324,"February 16, 2023",1790944.0,397005.0,37.0,0,244232.0,2987.0,1426816,15.0,419155,102635.0,8.0,59490,,STREAMS
4540054,"February 15, 2023",1841453.0,417165.0,26.0,0,254159.0,2097.0,1425470,9.0,437820,106592.0,4.0,55259,,STREAMS
4605636,"February 14, 2023",1868682.0,445099.0,10.0,0,243645.0,2141.0,1443466,15.0,442174,107438.0,6.0,52960,,STREAMS
4560979,"February 13, 2023",1855826.0,437737.0,40.0,0,252458.0,2077.0,1429458,10.0,423585,106379.0,4.0,53405,,STREAMS
3967942,"February 12, 2023",1456265.0,350275.0,14.0,0,240591.0,1976.0,1400652,6.0,389094,78671.0,8.0,50390,,STREAMS
4362215,"February 11, 2023",1681483.0,437142.0,12.0,0,262291.0,2393.0,1462271,32.0,374251,85688.0,3.0,56649,,STREAMS
4805867,"February 10, 2023",1975214.0,495623.0,5.0,0,276054.0,2489.0,1519911,12.0,392617,89946.0,9.0,53987,,STREAMS
4681033,"February 9, 2023",1925808.0,432485.0,5.0,0,281972.0,2261.0,1512351,14.0,376195,98496.0,12.0,51434,,STREAMS
4818653,"February 8, 2023",1978917.0,442151.0,2.0,0,291227.0,2142.0,1544183,8.0,410172,96831.0,7.0,53013,,STREAMS
4879114,"February 7, 2023",1998605.0,441555.0,5.0,0,291773.0,2340.0,1581819,7.0,411399,99182.0,23.0,52406,,STREAMS
4811455,"February 6, 2023",1953963.0,419350.0,0.0,0,284328.0,2079.0,1605177,3.0,403620,92633.0,8.0,50294,,STREAMS
4324147,"February 5, 2023",1548371.0,349953.0,0.0,0,279538.0,2299.0,1610453,8.0,404060,79655.0,9.0,49801,,STREAMS
4805676,"February 4, 2023",1834816.0,450606.0,0.0,0,296369.0,2647.0,1706390,8.0,371382,90554.0,23.0,52881,,STREAMS
5207281,"February 3, 2023",2142689.0,494399.0,0.0,0,297622.0,2707.0,1773970,10.0,357566,86045.0,13.0,52260,,STREAMS
5001098,"February 2, 2023",2004604.0,419094.0,0.0,0,274160.0,2013.0,1743055,18.0,416437,90497.0,17.0,51203,,STREAMS
4930844,"February 1, 2023",1981786.0,384436.0,0.0,0,288245.0,2487.0,1767353,13.0,388661,68983.0,14.0,48866,,STREAMS
4959435,"January 31, 2023",2004390.0,383343.0,0.0,0,289243.0,2529.0,1758829,0.0,398686,74739.0,18.0,47658,,STREAMS
4857280,"January 30, 2023",1942074.0,371684.0,0.0,0,260806.0,2165.0,1760593,0.0,379830,92312.0,16.0,47800,,STREAMS
4194626,"January 29, 2023",1515105.0,286992.0,0.0,0,254360.0,2276.0,1637676,0.0,377536,74045.0,23.0,46613,,STREAMS
4554464,"January 28, 2023",1756782.0,361370.0,0.0,0,267820.0,2142.0,1704234,0.0,339376,73750.0,25.0,48965,,STREAMS
5058196,"January 27, 2023",2122030.0,406085.0,0.0,0,272769.0,1938.0,1789556,0.0,338950,77860.0,24.0,48984,,STREAMS
4880678,"January 26, 2023",1975158.0,356035.0,0.0,0,250818.0,2034.0,1787100,0.0,370210,94633.0,100.0,44590,,STREAMS
4849356,"January 25, 2023",2010853.0,324358.0,0.0,0,221686.0,1741.0,1768638,0.0,373567,104445.0,94.0,43974,,STREAMS
4826958,"January 24, 2023",2034231.0,319057.0,0.0,0,210612.0,1707.0,1768458,0.0,366710,82828.0,103.0,43252,,STREAMS
4833071,"January 23, 2023",1997532.0,316700.0,0.0,0,206455.0,1790.0,1785337,0.0,390261,91275.0,111.0,43610,,STREAMS
4109891,"January 22, 2023",1493573.0,253761.0,0.0,0,190061.0,1736.0,1662919,0.0,392688,74441.0,93.0,40619,,STREAMS
4467627,"January 21, 2023",1728194.0,310074.0,0.0,0,203387.0,1755.0,1751448,0.0,353449,74356.0,171.0,44793,,STREAMS
4939143,"January 20, 2023",2052706.0,350225.0,0.0,0,207380.0,2196.0,1831771,0.0,365593,83415.0,416.0,45441,,STREAMS
4842052,"January 19, 2023",1897620.0,327538.0,0.0,0,212296.0,2296.0,1865273,0.0,405211,83848.0,18.0,47952,,STREAMS
4916952,"January 18, 2023",1929832.0,329492.0,0.0,0,216574.0,1787.0,1909481,0.0,396073,84269.0,11.0,49433,,STREAMS
5016811,"January 17, 2023",1969430.0,329270.0,0.0,0,206967.0,1633.0,1942668,0.0,406795,111964.0,8.0,48076,,STREAMS
4919737,"January 16, 2023",1930930.0,308161.0,0.0,0,197106.0,1727.0,1951417,0.0,384495,96942.0,12.0,48947,,STREAMS
4323666,"January 15, 2023",1503052.0,254682.0,0.0,0,194146.0,1891.0,1870368,0.0,377142,78792.0,18.0,43575,,STREAMS
4588046,"January 14, 2023",1742063.0,309756.0,0.0,0,192968.0,2068.0,1882223,0.0,335613,79534.0,14.0,43807,,STREAMS
5178919,"January 13, 2023",2111769.0,362589.0,0.0,0,215585.0,2162.0,1987056,0.0,370502,83476.0,9.0,45771,,STREAMS
4967854,"January 12, 2023",1977565.0,311693.0,0.0,0,215040.0,2328.0,1977041,0.0,350182,89779.0,9.0,44217,,STREAMS
5020888,"January 11, 2023",2026115.0,292961.0,0.0,0,231432.0,2692.0,1972588,0.0,369174,84429.0,7.0,41490,,STREAMS
4883591,"January 10, 2023",2104905.0,256073.0,0.0,0,187276.0,2249.0,1834023,0.0,378617,83484.0,4.0,36960,,STREAMS
4697033,"January 9, 2023",2042199.0,239572.0,0.0,0,163701.0,2332.0,1726732,0.0,393538,96524.0,14.0,32421,,STREAMS
3950438,"January 8, 2023",1566368.0,193775.0,0.0,0,161289.0,2535.0,1547549,0.0,374601,74388.0,9.0,29924,,STREAMS
4150250,"January 7, 2023",1793367.0,232411.0,0.0,0,181792.0,2492.0,1498139,0.0,337383,74778.0,4.0,29884,,STREAMS
4247061,"January 6, 2023",1948905.0,242765.0,0.0,0,174559.0,3152.0,1427677,0.0,337641,82823.0,2.0,29537,,STREAMS
4073389,"January 5, 2023",1918051.0,223785.0,0.0,0,163946.0,3147.0,1308558,0.0,344067,81649.0,0.0,30186,,STREAMS
3954368,"January 4, 2023",1933964.0,214271.0,0.0,0,157896.0,2042.0,1209859,0.0,317771,90329.0,0.0,28236,,STREAMS
3920702,"January 3, 2023",1956437.0,212567.0,0.0,0,152919.0,1766.0,1136498,0.0,350432,83121.0,0.0,26962,,STREAMS
3810059,"January 2, 2023",1902632.0,211553.0,0.0,0,147706.0,1830.0,1084043,0.0,346018,89081.0,0.0,27196,,STREAMS
2771471,"January 1, 2023",1210016.0,148484.0,0.0,0,124411.0,1726.0,934497,0.0,275773,55847.0,0.0,20717,,STREAMS
3413734,"December 31, 2022",1620628.0,234212.0,0.0,0,134937.0,2144.0,1034891,0.0,297503,66953.0,0.0,22466,,STREAMS
1600908,"June 19, 2023",517044.0,252900.0,45313.0,2199,178150.0,1520.0,563705,77.0,3504,1495.0,14.0,34987,,LISTENERS
1382150,"June 18, 2023",408718.0,203521.0,37960.0,1814,156187.0,1356.0,535202,89.0,3206,1356.0,12.0,32729,,LISTENERS
1532141,"June 17, 2023",476550.0,248042.0,45575.0,2098,167763.0,1950.0,550570,82.0,2981,1357.0,15.0,35158,,LISTENERS
1655129,"June 16, 2023",544391.0,280768.0,51287.0,2153,174327.0,1573.0,558470,77.0,3144,1531.0,14.0,37394,,LISTENERS
1613025,"June 15, 2023",531548.0,258950.0,48774.0,1978,172005.0,1551.0,555123,94.0,3411,1602.0,16.0,37973,,LISTENERS
1589900,"June 14, 2023",515222.0,262556.0,50696.0,1879,164493.0,1400.0,545940,75.0,3505,1527.0,14.0,42593,,LISTENERS
1580124,"June 13, 2023",512521.0,258161.0,51388.0,1878,167243.0,1758.0,540149,101.0,3332,1599.0,12.0,41982,,LISTENERS
1554124,"June 12, 2023",498260.0,250320.0,53374.0,1832,161905.0,1575.0,542443,103.0,3487,1526.0,7.0,39292,,LISTENERS
1355607,"June 11, 2023",390949.0,213277.0,37632.0,1643,158181.0,1079.0,513210,82.0,3132,1407.0,15.0,35000,,LISTENERS
1483585,"June 10, 2023",454191.0,244581.0,44124.0,1730,155850.0,1218.0,535537,163.0,3130,1374.0,19.0,41668,,LISTENERS
1616627,"June 9, 2023",529047.0,271501.0,47053.0,1952,170231.0,1805.0,549237,171.0,3195,1535.0,7.0,40893,,LISTENERS
1548749,"June 8, 2023",514648.0,252338.0,44996.0,1706,156278.0,1700.0,536400,164.0,3454,1640.0,10.0,35415,,LISTENERS
1589496,"June 7, 2023",538064.0,269487.0,47395.0,1676,158076.0,1934.0,532723,80.0,3671,1555.0,10.0,34825,,LISTENERS
1601701,"June 6, 2023",530378.0,267701.0,52168.0,1584,171965.0,1824.0,534595,75.0,3619,1530.0,9.0,36253,,LISTENERS
1570799,"June 5, 2023",523707.0,268619.0,48175.0,1441,168354.0,1851.0,516682,71.0,3830,1729.0,17.0,36323,,LISTENERS
1390795,"June 4, 2023",418613.0,227655.0,40123.0,1348,158515.0,1723.0,504481,74.0,3535,1456.0,12.0,33260,,LISTENERS
1551585,"June 3, 2023",492632.0,268838.0,48671.0,1613,176823.0,1824.0,518175,67.0,3430,1401.0,11.0,38100,,LISTENERS
1653635,"June 2, 2023",559530.0,290249.0,52236.0,1795,171977.0,1898.0,533134,76.0,3510,2113.0,8.0,37109,,LISTENERS
1618525,"June 1, 2023",538256.0,283715.0,51061.0,1558,167496.0,1708.0,531233,82.0,3731,1505.0,12.0,38168,,LISTENERS
1499357,"May 31, 2023",498610.0,258266.0,40719.0,1399,141489.0,1639.0,517782,73.0,3762,1337.0,12.0,34269,,LISTENERS
1479818,"May 30, 2023",497374.0,250775.0,40562.0,1323,137626.0,1558.0,510800,76.0,3998,1419.0,12.0,34295,,LISTENERS
1410225,"May 29, 2023",475575.0,214206.0,35286.0,1152,131496.0,1638.0,512576,83.0,3851,1429.0,15.0,32918,,LISTENERS
1302476,"May 28, 2023",407777.0,212573.0,31807.0,1044,119614.0,1658.0,492912,61.0,3501,1318.0,15.0,30196,,LISTENERS
1435240,"May 27, 2023",469608.0,247371.0,37020.0,1127,124841.0,1490.0,516091,71.0,3440,1295.0,17.0,32869,,LISTENERS
1590516,"May 26, 2023",559002.0,289307.0,40634.0,1166,128562.0,1478.0,530153,69.0,3806,1340.0,17.0,34982,,LISTENERS
1474115,"May 25, 2023",506838.0,237109.0,36572.0,856,125825.0,1877.0,526313,91.0,3630,2027.0,13.0,32964,,LISTENERS
1497262,"May 24, 2023",517277.0,241610.0,36821.0,718,129387.0,1683.0,532130,107.0,3998,1633.0,15.0,31883,,LISTENERS
1495340,"May 23, 2023",517521.0,235863.0,35640.0,643,130571.0,1647.0,534907,98.0,3996,1741.0,17.0,32696,,LISTENERS
1458511,"May 22, 2023",499821.0,231194.0,36175.0,640,125940.0,1627.0,524124,90.0,4163,1864.0,15.0,32858,,LISTENERS
1317932,"May 21, 2023",396615.0,206255.0,32336.0,604,121579.0,1516.0,522003,75.0,3754,1435.0,15.0,31745,,LISTENERS
1444789,"May 20, 2023",457488.0,243427.0,38044.0,573,130122.0,2232.0,534635,87.0,3636,1200.0,9.0,33336,,LISTENERS
1524125,"May 19, 2023",505922.0,247067.0,41096.0,688,148754.0,1627.0,528326,89.0,3662,1632.0,11.0,45251,,LISTENERS
1505070,"May 18, 2023",492446.0,233954.0,38563.0,428,153258.0,2194.0,534253,74.0,3842,1537.0,6.0,44515,,LISTENERS
1577361,"May 17, 2023",532785.0,259301.0,41161.0,199,154303.0,1657.0,537847,68.0,3857,1631.0,16.0,44536,,LISTENERS
1524079,"May 16, 2023",523844.0,236585.0,37128.0,171,143277.0,1615.0,530845,76.0,3748,1880.0,12.0,44898,,LISTENERS
1508607,"May 15, 2023",506698.0,238722.0,36767.0,140,146087.0,1680.0,527973,77.0,3482,1768.0,14.0,45199,,LISTENERS
1316081,"May 14, 2023",391720.0,197796.0,32892.0,110,140839.0,1687.0,506537,63.0,3268,1374.0,11.0,39784,,LISTENERS
1464188,"May 13, 2023",459933.0,242345.0,40464.0,110,147797.0,1837.0,523257,72.0,3588,1324.0,13.0,43448,,LISTENERS
1584091,"May 12, 2023",536423.0,280104.0,41952.0,56,148789.0,1758.0,528909,65.0,3569,1407.0,17.0,41042,,LISTENERS
1512638,"May 11, 2023",508654.0,247332.0,37479.0,15,147563.0,1656.0,524945,80.0,3472,1351.0,17.0,40074,,LISTENERS
1558172,"May 10, 2023",543583.0,248570.0,40287.0,20,158328.0,1753.0,525001,67.0,3923,1534.0,16.0,35090,,LISTENERS
1551802,"May 9, 2023",552543.0,246329.0,40452.0,17,153788.0,1618.0,518686,85.0,3281,1510.0,16.0,33477,,LISTENERS
1557457,"May 8, 2023",544632.0,241453.0,41411.0,16,157246.0,1649.0,531886,97.0,3805,1446.0,21.0,33795,,LISTENERS
1370668,"May 7, 2023",432514.0,196358.0,31337.0,12,155119.0,1973.0,516425,80.0,3483,1239.0,20.0,32108,,LISTENERS
1527158,"May 6, 2023",502685.0,246233.0,35937.0,14,166882.0,1990.0,534716,76.0,3073,1264.0,20.0,34268,,LISTENERS
1623316,"May 5, 2023",565579.0,259546.0,37791.0,19,163905.0,1906.0,554406,107.0,3506,1506.0,19.0,35026,,LISTENERS
1554306,"May 4, 2023",550564.0,230939.0,37219.0,18,149308.0,2081.0,542446,168.0,3991,1417.0,15.0,36140,,LISTENERS
1435382,"May 3, 2023",478972.0,216671.0,33618.0,9,126780.0,2369.0,539120,167.0,4491,873.0,21.0,32291,,LISTENERS
1419653,"May 2, 2023",469083.0,216317.0,32955.0,0,128315.0,2295.0,532186,164.0,4225,764.0,14.0,33335,,LISTENERS
1327315,"May 1, 2023",410450.0,181356.0,29004.0,0,126920.0,2364.0,540033,147.0,4185,677.0,18.0,32161,,LISTENERS
1289008,"April 30, 2023",387206.0,193612.0,27530.0,0,122368.0,2482.0,521573,179.0,3731,601.0,14.0,29712,,LISTENERS
1402352,"April 29, 2023",439378.0,216923.0,28502.0,0,131591.0,2551.0,547500,201.0,3673,651.0,19.0,31363,,LISTENERS
1503701,"April 28, 2023",493666.0,241912.0,32196.0,0,133941.0,2819.0,562139,141.0,3782,725.0,15.0,32365,,LISTENERS
1458121,"April 27, 2023",487103.0,213949.0,29792.0,0,125729.0,2349.0,561996,85.0,4283,777.0,13.0,32045,,LISTENERS
1472020,"April 26, 2023",495593.0,214926.0,30900.0,1,119329.0,2236.0,571784,48.0,4305,854.0,8.0,32036,,LISTENERS
1451692,"April 25, 2023",485662.0,213280.0,27890.0,0,118931.0,2227.0,567462,34.0,4357,905.0,16.0,30928,,LISTENERS
1438425,"April 24, 2023",477285.0,205102.0,26023.0,0,117360.0,2602.0,573382,28.0,4539,901.0,22.0,31181,,LISTENERS
1251698,"April 23, 2023",368962.0,172159.0,20389.0,0,111210.0,2463.0,543412,25.0,4037,725.0,12.0,28304,,LISTENERS
1400703,"April 22, 2023",436556.0,220653.0,23695.0,0,118053.0,2509.0,565052,29.0,3794,648.0,15.0,29699,,LISTENERS
1515368,"April 21, 2023",488045.0,238365.0,25590.0,0,122791.0,2472.0,603064,26.0,3767,823.0,20.0,30405,,LISTENERS
1453445,"April 20, 2023",468004.0,203319.0,22636.0,0,127589.0,2251.0,594188,33.0,3784,850.0,25.0,30766,,LISTENERS
1430942,"April 19, 2023",467235.0,197949.0,21214.0,0,126141.0,1933.0,582981,31.0,3643,816.0,14.0,28985,,LISTENERS
1432058,"April 18, 2023",480458.0,197991.0,20424.0,0,126827.0,2107.0,570909,23.0,4107,924.0,22.0,28266,,LISTENERS
1405275,"April 17, 2023",464285.0,195764.0,20000.0,0,122099.0,2467.0,567116,36.0,4105,875.0,9.0,28519,,LISTENERS
1208071,"April 16, 2023",354441.0,154147.0,15548.0,0,110512.0,2307.0,538927,22.0,3848,723.0,12.0,27584,,LISTENERS
1342009,"April 15, 2023",416830.0,193343.0,18532.0,0,115579.0,2705.0,560752,35.0,3482,757.0,12.0,29982,,LISTENERS
1452082,"April 14, 2023",483459.0,208222.0,19920.0,0,119856.0,3157.0,581789,34.0,3942,793.0,23.0,30887,,LISTENERS
1403138,"April 13, 2023",467859.0,189165.0,17784.0,0,119648.0,2997.0,570601,30.0,4135,865.0,19.0,30035,,LISTENERS
1399924,"April 12, 2023",476189.0,186714.0,17323.0,0,119485.0,3110.0,562195,34.0,4400,919.0,20.0,29535,,LISTENERS
1483638,"April 11, 2023",532585.0,195455.0,16874.0,0,114769.0,1966.0,587609,33.0,3834,1211.0,20.0,29282,,LISTENERS
1375815,"April 10, 2023",467266.0,168471.0,14351.0,0,112454.0,2538.0,576541,23.0,4162,1478.0,14.0,28517,,LISTENERS
1265759,"April 9, 2023",395897.0,163333.0,12301.0,0,104560.0,2316.0,555012,18.0,3600,1228.0,15.0,27479,,LISTENERS
1388386,"April 8, 2023",464592.0,183559.0,14102.0,0,113113.0,2194.0,576877,17.0,3376,1209.0,8.0,29339,,LISTENERS
1437702,"April 7, 2023",488980.0,189838.0,14143.0,0,111080.0,3559.0,595444,29.0,3245,1245.0,14.0,30125,,LISTENERS
1492162,"April 6, 2023",518342.0,198068.0,14211.0,0,110813.0,1988.0,612761,23.0,3330,1373.0,19.0,31234,,LISTENERS
1508621,"April 5, 2023",536659.0,195759.0,10569.0,0,111902.0,1694.0,613918,27.0,3575,1376.0,16.0,33126,,LISTENERS
1546126,"April 4, 2023",547831.0,209868.0,10197.0,0,120034.0,1507.0,614305,26.0,3823,1445.0,15.0,37075,,LISTENERS
1533685,"April 3, 2023",545249.0,205869.0,10119.0,0,115986.0,1385.0,613820,23.0,3701,1434.0,26.0,36073,,LISTENERS
1348601,"April 2, 2023",435579.0,171918.0,8607.0,0,110657.0,1798.0,582391,16.0,3422,1277.0,27.0,32909,,LISTENERS
1492775,"April 1, 2023",509196.0,204313.0,9879.0,0,119064.0,1794.0,608635,20.0,3226,1195.0,20.0,35433,,LISTENERS
1602072,"March 31, 2023",579849.0,227612.0,9760.0,0,124952.0,1583.0,620212,19.0,3460,1330.0,21.0,33274,,LISTENERS
1554082,"March 30, 2023",561879.0,208134.0,8695.0,0,128062.0,1389.0,608742,21.0,3331,1322.0,17.0,32490,,LISTENERS
1545533,"March 29, 2023",571248.0,195206.0,7989.0,0,125917.0,1660.0,608605,20.0,3269,1323.0,4.0,30292,,LISTENERS
1562134,"March 28, 2023",588864.0,189098.0,7585.0,0,124118.0,1440.0,617646,17.0,3263,1342.0,4.0,28757,,LISTENERS
1534266,"March 27, 2023",573026.0,183069.0,7504.0,0,122914.0,1524.0,611683,20.0,3256,1506.0,3.0,29761,,LISTENERS
1365638,"March 26, 2023",458227.0,155654.0,6036.0,0,120808.0,1827.0,589513,19.0,3093,1355.0,4.0,29102,,LISTENERS
1542080,"March 25, 2023",545247.0,196346.0,7318.0,0,131072.0,1591.0,626603,11.0,2916,1127.0,2.0,29847,,LISTENERS
1659901,"March 24, 2023",620526.0,217669.0,7493.0,0,135919.0,1634.0,641434,9.0,3124,1308.0,3.0,30782,,LISTENERS
1611675,"March 23, 2023",594465.0,202666.0,5974.0,0,132973.0,1837.0,635973,5.0,3446,1529.0,3.0,32804,,LISTENERS
1622856,"March 22, 2023",591304.0,199148.0,5308.0,0,134822.0,1818.0,652457,9.0,3444,1504.0,3.0,33039,,LISTENERS
1638558,"March 21, 2023",600063.0,193500.0,5143.0,0,137674.0,1792.0,659939,6.0,3416,1594.0,4.0,35427,,LISTENERS
1597469,"March 20, 2023",570602.0,197279.0,5029.0,0,134279.0,1567.0,651201,9.0,3555,1458.0,3.0,32487,,LISTENERS
1425847,"March 19, 2023",452734.0,167012.0,4373.0,0,125475.0,2204.0,637222,13.0,3418,1193.0,3.0,32200,,LISTENERS
1592706,"March 18, 2023",539543.0,203716.0,5046.0,0,137496.0,1874.0,668053,11.0,3093,1201.0,4.0,32669,,LISTENERS
1706263,"March 17, 2023",608818.0,226508.0,5345.0,0,141032.0,1862.0,684388,10.0,3370,1477.0,8.0,33445,,LISTENERS
1640961,"March 16, 2023",594103.0,201802.0,4512.0,0,132732.0,1679.0,666318,9.0,3170,1494.0,5.0,35137,,LISTENERS
1647575,"March 15, 2023",614703.0,195401.0,4198.0,0,132512.0,2068.0,661578,6.0,3175,1549.0,3.0,32382,,LISTENERS
1627197,"March 14, 2023",619144.0,186709.0,4170.0,0,123814.0,1597.0,656381,9.0,3346,1358.0,4.0,30665,,LISTENERS
1631109,"March 13, 2023",616713.0,186536.0,4424.0,0,127221.0,1743.0,658894,15.0,3344,1562.0,1.0,30656,,LISTENERS
1468697,"March 12, 2023",499899.0,154377.0,2671.0,0,126790.0,1559.0,650116,9.0,3019,1284.0,3.0,28970,,LISTENERS
1608541,"March 11, 2023",564149.0,190594.0,2904.0,0,129082.0,1842.0,683549,9.0,2705,1254.0,2.0,32451,,LISTENERS
1728136,"March 10, 2023",646331.0,204577.0,2797.0,0,136830.0,1892.0,700663,7.0,2615,1031.0,3.0,31390,,LISTENERS
1636152,"March 9, 2023",594479.0,172826.0,2263.0,0,128773.0,1940.0,702020,10.0,2980,1038.0,2.0,29821,,LISTENERS
1629381,"March 8, 2023",592319.0,170912.0,1978.0,0,127478.0,1809.0,701033,7.0,2993,1099.0,3.0,29750,,LISTENERS
1646607,"March 7, 2023",610874.0,165484.0,1812.0,0,126493.0,1668.0,706426,9.0,3398,1127.0,4.0,29312,,LISTENERS
1618156,"March 6, 2023",591861.0,157191.0,1638.0,0,128437.0,1724.0,702571,8.0,3648,1105.0,5.0,29968,,LISTENERS
1439691,"March 5, 2023",475437.0,127048.0,1433.0,0,118964.0,1854.0,682770,7.0,3282,911.0,5.0,27980,,LISTENERS
1585000,"March 4, 2023",550379.0,162315.0,1474.0,0,121573.0,2184.0,711855,10.0,2875,954.0,4.0,31377,,LISTENERS
1671039,"March 3, 2023",635511.0,169843.0,1514.0,0,127263.0,2149.0,700234,7.0,3043,1046.0,7.0,30422,,LISTENERS
1605795,"March 2, 2023",576965.0,155897.0,1200.0,0,123186.0,2055.0,714669,6.0,3253,1050.0,10.0,27504,,LISTENERS
1598775,"March 1, 2023",578024.0,149224.0,1035.0,0,124071.0,1904.0,708250,9.0,3095,1130.0,6.0,32027,,LISTENERS
1551105,"February 28, 2023",572256.0,143471.0,909.0,0,116258.0,1605.0,685923,5.0,3003,1078.0,5.0,26592,,LISTENERS
1565964,"February 27, 2023",552373.0,161249.0,692.0,0,115112.0,1521.0,702549,7.0,2929,992.0,6.0,28534,,LISTENERS
1407070,"February 26, 2023",434245.0,140229.0,512.0,0,110109.0,1557.0,687085,7.0,2960,917.0,4.0,29445,,LISTENERS
1584945,"February 25, 2023",523158.0,169032.0,457.0,0,122135.0,1618.0,733207,10.0,2759,839.0,2.0,31728,,LISTENERS
1667125,"February 24, 2023",586167.0,183528.0,344.0,0,121378.0,2247.0,738362,9.0,2884,886.0,2.0,31318,,LISTENERS
1613974,"February 23, 2023",551336.0,169893.0,160.0,0,110572.0,6312.0,742560,6.0,3266,955.0,7.0,28907,,LISTENERS
1604195,"February 22, 2023",555298.0,161623.0,107.0,0,110464.0,1579.0,741292,7.0,3276,1055.0,8.0,29486,,LISTENERS
1526541,"February 21, 2023",522767.0,134240.0,54.0,0,110070.0,1351.0,726586,6.0,3060,1038.0,2.0,27367,,LISTENERS
1529976,"February 20, 2023",530104.0,128179.0,29.0,0,116818.0,1660.0,722010,7.0,3125,1016.0,5.0,27023,,LISTENERS
1390757,"February 19, 2023",440888.0,107728.0,23.0,0,104255.0,1635.0,706430,8.0,3070,821.0,5.0,25894,,LISTENERS
1537305,"February 18, 2023",516013.0,128880.0,27.0,0,112507.0,1769.0,747260,6.0,2951,843.0,3.0,27046,,LISTENERS
1643680,"February 17, 2023",574518.0,147844.0,17.0,0,111584.0,1644.0,776565,8.0,3233,905.0,2.0,27360,,LISTENERS
1589477,"February 16, 2023",546717.0,130320.0,14.0,0,105704.0,1992.0,772591,5.0,3079,950.0,6.0,28099,,LISTENERS
1619264,"February 15, 2023",566611.0,141889.0,13.0,0,111499.0,1344.0,768454,6.0,3342,1019.0,4.0,25083,,LISTENERS
1632678,"February 14, 2023",573706.0,153709.0,4.0,0,107222.0,1381.0,769243,9.0,3113,966.0,4.0,23321,,LISTENERS
1609529,"February 13, 2023",562176.0,148584.0,13.0,0,109368.0,1360.0,759915,4.0,3276,1044.0,2.0,23787,,LISTENERS
1458824,"February 12, 2023",464163.0,122361.0,8.0,0,103288.0,1268.0,741759,4.0,2744,865.0,6.0,22358,,LISTENERS
1603613,"February 11, 2023",529988.0,149333.0,8.0,0,112459.0,1513.0,782124,6.0,2686,824.0,3.0,24669,,LISTENERS
1721854,"February 10, 2023",605765.0,166234.0,3.0,0,116449.0,1440.0,804374,5.0,2828,946.0,6.0,23804,,LISTENERS
1683570,"February 9, 2023",589748.0,146046.0,4.0,0,117787.0,1487.0,802194,6.0,2993,1040.0,11.0,22254,,LISTENERS
1710520,"February 8, 2023",600086.0,148067.0,2.0,0,119235.0,1470.0,815620,4.0,3243,977.0,6.0,21810,,LISTENERS
1711301,"February 7, 2023",597928.0,145761.0,2.0,0,118273.0,1531.0,821288,4.0,3349,1057.0,12.0,22096,,LISTENERS
1678861,"February 6, 2023",578403.0,136839.0,0.0,0,115846.0,1328.0,820671,2.0,3649,1008.0,5.0,21110,,LISTENERS
1561014,"February 5, 2023",483895.0,119199.0,0.0,0,111792.0,1502.0,820080,4.0,3309,896.0,8.0,20329,,LISTENERS
1730625,"February 4, 2023",567698.0,149281.0,0.0,0,117276.0,1746.0,869363,7.0,2940,887.0,14.0,21413,,LISTENERS
1849902,"February 3, 2023",648244.0,162367.0,0.0,0,118248.0,1612.0,894380,5.0,3016,812.0,11.0,21207,,LISTENERS
1746788,"February 2, 2023",598641.0,139869.0,0.0,0,111496.0,1305.0,870275,6.0,3514,961.0,10.0,20711,,LISTENERS
1727353,"February 1, 2023",579940.0,129433.0,0.0,0,116992.0,1402.0,874739,3.0,3327,882.0,12.0,20623,,LISTENERS
1717181,"January 31, 2023",577279.0,128403.0,0.0,0,117260.0,1582.0,868417,0.0,3280,910.0,13.0,20037,,LISTENERS
1685919,"January 30, 2023",562340.0,126986.0,0.0,0,104779.0,1432.0,866762,0.0,3050,1128.0,12.0,19430,,LISTENERS
1499778,"January 29, 2023",461013.0,97392.0,0.0,0,100396.0,1365.0,817176,0.0,3070,824.0,13.0,18529,,LISTENERS
1642489,"January 28, 2023",536921.0,122234.0,0.0,0,108131.0,1333.0,849924,0.0,2818,819.0,16.0,20293,,LISTENERS
1776336,"January 27, 2023",629875.0,134057.0,0.0,0,110898.0,1255.0,876294,0.0,3132,905.0,19.0,19901,,LISTENERS
1689249,"January 26, 2023",574721.0,119551.0,0.0,0,102027.0,1357.0,869175,0.0,3126,983.0,80.0,18229,,LISTENERS
1675440,"January 25, 2023",584262.0,107870.0,0.0,0,92173.0,1144.0,868110,0.0,3134,1024.0,77.0,17646,,LISTENERS
1667310,"January 24, 2023",587530.0,106392.0,0.0,0,89071.0,1004.0,861668,0.0,3283,978.0,69.0,17315,,LISTENERS
1648429,"January 23, 2023",569383.0,105453.0,0.0,0,84639.0,944.0,865661,0.0,3345,859.0,88.0,18057,,LISTENERS
1443425,"January 22, 2023",446061.0,85307.0,0.0,0,77139.0,964.0,813357,0.0,3149,903.0,73.0,16472,,LISTENERS
1574985,"January 21, 2023",511687.0,101643.0,0.0,0,82716.0,1053.0,856227,0.0,2900,825.0,125.0,17809,,LISTENERS
1687600,"January 20, 2023",595397.0,112068.0,0.0,0,85454.0,1160.0,871455,0.0,3006,881.0,308.0,17871,,LISTENERS
1623422,"January 19, 2023",550470.0,105259.0,0.0,0,89901.0,1112.0,852262,0.0,3281,984.0,18.0,20135,,LISTENERS
1648110,"January 18, 2023",558709.0,106792.0,0.0,0,92200.0,910.0,863573,0.0,3315,992.0,8.0,21611,,LISTENERS
1658634,"January 17, 2023",577397.0,106689.0,0.0,0,84495.0,896.0,864815,0.0,3105,1068.0,6.0,20163,,LISTENERS
1605205,"January 16, 2023",558359.0,96597.0,0.0,0,79552.0,1007.0,845893,0.0,2888,1040.0,10.0,19859,,LISTENERS
1461543,"January 15, 2023",459500.0,83915.0,0.0,0,77018.0,1078.0,818350,0.0,2790,908.0,15.0,17969,,LISTENERS
1570463,"January 14, 2023",537297.0,99758.0,0.0,0,78627.0,1094.0,833214,0.0,2664,839.0,13.0,16957,,LISTENERS
1718337,"January 13, 2023",635776.0,115697.0,0.0,0,86657.0,1259.0,856925,0.0,2958,959.0,7.0,18099,,LISTENERS
1646265,"January 12, 2023",592735.0,100770.0,0.0,0,88746.0,1306.0,841311,0.0,3069,987.0,6.0,17335,,LISTENERS
1647586,"January 11, 2023",606001.0,97734.0,0.0,0,96153.0,1653.0,824953,0.0,3197,960.0,4.0,16931,,LISTENERS
1605313,"January 10, 2023",639997.0,84411.0,0.0,0,79512.0,1496.0,781836,0.0,3352,982.0,2.0,13725,,LISTENERS
1530688,"January 9, 2023",614792.0,76992.0,0.0,0,69290.0,1446.0,752953,0.0,3251,1067.0,4.0,10893,,LISTENERS
1337721,"January 8, 2023",493416.0,65273.0,0.0,0,66152.0,1363.0,697528,0.0,3122,931.0,3.0,9933,,LISTENERS
1415545,"January 7, 2023",562587.0,78258.0,0.0,0,75952.0,1559.0,683005,0.0,2781,867.0,2.0,10534,,LISTENERS
1438599,"January 6, 2023",601595.0,79491.0,0.0,0,71070.0,2205.0,669623,0.0,3230,957.0,1.0,10427,,LISTENERS
1364872,"January 5, 2023",579131.0,73292.0,0.0,0,69032.0,1976.0,627135,0.0,3406,899.0,0.0,10001,,LISTENERS
1324331,"January 4, 2023",576811.0,69248.0,0.0,0,66047.0,1124.0,597622,0.0,3051,1029.0,0.0,9399,,LISTENERS
1301705,"January 3, 2023",583561.0,68682.0,0.0,0,63643.0,1039.0,571157,0.0,3458,1014.0,0.0,9151,,LISTENERS
1261508,"January 2, 2023",561439.0,68914.0,0.0,0,61593.0,1112.0,555073,0.0,3074,901.0,0.0,9402,,LISTENERS
1000566,"January 1, 2023",399237.0,52846.0,0.0,0,51165.0,955.0,485387,0.0,2410,761.0,0.0,7805,,LISTENERS
260731,"June 19, 2023",149747.0,60353.0,7368.0,74,16991.0,1958.0,17403,39.0,1101,364.0,20.0,5313,,FOLLOWERS
260108,"June 18, 2023",149526.0,60145.0,7308.0,73,16932.0,1959.0,17366,39.0,1095,362.0,20.0,5283,,FOLLOWERS
259539,"June 17, 2023",149350.0,59940.0,7259.0,69,16869.0,1960.0,17327,38.0,1093,361.0,20.0,5253,,FOLLOWERS
0,"June 16, 2023",,,,0,,,0,,0,,,0,,FOLLOWERS
258108,"June 15, 2023",148867.0,59404.0,7143.0,60,16721.0,1958.0,17259,34.0,1085,360.0,20.0,5197,,FOLLOWERS
257379,"June 14, 2023",148647.0,59138.0,7086.0,55,16632.0,1955.0,17206,34.0,1078,359.0,20.0,5169,,FOLLOWERS
256661,"June 13, 2023",148413.0,58877.0,7024.0,51,16558.0,1955.0,17164,33.0,1069,359.0,20.0,5138,,FOLLOWERS
255998,"June 12, 2023",148201.0,58630.0,6961.0,51,16482.0,1954.0,17140,33.0,1062,358.0,20.0,5106,,FOLLOWERS
255332,"June 11, 2023",147972.0,58393.0,6901.0,51,16430.0,1953.0,17097,32.0,1052,357.0,20.0,5074,,FOLLOWERS
254709,"June 10, 2023",147784.0,58164.0,6848.0,50,16364.0,1953.0,17051,30.0,1042,354.0,20.0,5049,,FOLLOWERS
255865,"June 9, 2023",147582.0,58490.0,8020.0,45,16293.0,1949.0,17013,29.0,1039,352.0,19.0,5034,,FOLLOWERS
255184,"June 8, 2023",147356.0,58252.0,7945.0,41,16222.0,1950.0,16977,28.0,1035,352.0,19.0,5007,,FOLLOWERS
254471,"June 7, 2023",147131.0,57972.0,7868.0,37,16157.0,1946.0,16941,27.0,1032,351.0,19.0,4990,,FOLLOWERS
253762,"June 6, 2023",146886.0,57719.0,7798.0,35,16081.0,1946.0,16909,27.0,1027,351.0,19.0,4964,,FOLLOWERS
253018,"June 5, 2023",146619.0,57486.0,7737.0,32,15989.0,1945.0,16868,26.0,1023,349.0,19.0,4925,,FOLLOWERS
252382,"June 4, 2023",146415.0,57245.0,7676.0,30,15914.0,1947.0,16841,26.0,1017,349.0,19.0,4903,,FOLLOWERS
251767,"June 3, 2023",146219.0,57039.0,7622.0,27,15835.0,1947.0,16802,25.0,1013,349.0,19.0,4870,,FOLLOWERS
251051,"June 2, 2023",145987.0,56798.0,7567.0,24,15744.0,1947.0,16767,24.0,1008,349.0,19.0,4817,,FOLLOWERS
250316,"June 1, 2023",145719.0,56556.0,7496.0,15,15668.0,1946.0,16724,24.0,1006,348.0,19.0,4795,,FOLLOWERS
249574,"May 31, 2023",145460.0,56290.0,7429.0,13,15595.0,1943.0,16692,23.0,1001,348.0,19.0,4761,,FOLLOWERS
248882,"May 30, 2023",145242.0,56035.0,7357.0,13,15526.0,1942.0,16657,22.0,997,348.0,19.0,4724,,FOLLOWERS
248170,"May 29, 2023",144979.0,55800.0,7294.0,13,15449.0,1942.0,16614,21.0,994,347.0,19.0,4698,,FOLLOWERS
247473,"May 28, 2023",144754.0,55568.0,7197.0,13,15387.0,1942.0,16565,20.0,990,346.0,19.0,4672,,FOLLOWERS
246673,"May 27, 2023",144485.0,55322.0,7051.0,11,15324.0,1941.0,16531,20.0,989,346.0,19.0,4634,,FOLLOWERS
245736,"May 26, 2023",144172.0,55019.0,6874.0,10,15257.0,1940.0,16498,19.0,988,346.0,18.0,4595,,FOLLOWERS
244841,"May 25, 2023",143861.0,54761.0,6706.0,8,15187.0,1938.0,16460,19.0,987,343.0,18.0,4553,,FOLLOWERS
243991,"May 24, 2023",143578.0,54521.0,6518.0,5,15119.0,1937.0,16421,19.0,985,343.0,18.0,4527,,FOLLOWERS
243128,"May 23, 2023",143280.0,54261.0,6360.0,4,15036.0,1935.0,16388,19.0,984,343.0,18.0,4500,,FOLLOWERS
242405,"May 22, 2023",143025.0,54025.0,6252.0,4,14968.0,1936.0,16359,19.0,981,343.0,18.0,4475,,FOLLOWERS
241707,"May 21, 2023",142828.0,53768.0,6148.0,3,14898.0,1935.0,16324,19.0,976,343.0,18.0,4447,,FOLLOWERS
241092,"May 20, 2023",142642.0,53541.0,6069.0,3,14846.0,1936.0,16282,19.0,972,344.0,18.0,4420,,FOLLOWERS
240330,"May 19, 2023",142417.0,53240.0,5977.0,2,14770.0,1939.0,16245,19.0,973,343.0,18.0,4387,,FOLLOWERS
239490,"May 18, 2023",142147.0,52926.0,5871.0,2,14693.0,1940.0,16214,19.0,967,343.0,18.0,4350,,FOLLOWERS
238644,"May 17, 2023",141890.0,52617.0,5753.0,1,14599.0,1940.0,16185,19.0,964,342.0,18.0,4316,,FOLLOWERS
237769,"May 16, 2023",141608.0,52299.0,5635.0,1,14522.0,1941.0,16134,19.0,963,342.0,18.0,4287,,FOLLOWERS
237059,"May 15, 2023",141341.0,52012.0,5565.0,1,14443.0,1941.0,16161,19.0,962,342.0,18.0,4254,,FOLLOWERS
236222,"May 14, 2023",141057.0,51704.0,5460.0,1,14372.0,1937.0,16130,19.0,958,342.0,18.0,4224,,FOLLOWERS
235505,"May 13, 2023",140822.0,51442.0,5388.0,1,14301.0,1938.0,16094,19.0,956,342.0,18.0,4184,,FOLLOWERS
234685,"May 12, 2023",140620.0,51122.0,5263.0,0,14228.0,1939.0,16049,19.0,951,342.0,17.0,4135,,FOLLOWERS
233741,"May 11, 2023",140341.0,50731.0,5116.0,0,14177.0,1938.0,16023,19.0,947,342.0,17.0,4090,,FOLLOWERS
232813,"May 10, 2023",140066.0,50360.0,4988.0,0,14098.0,1936.0,15996,18.0,943,341.0,17.0,4050,,FOLLOWERS
231969,"May 9, 2023",139801.0,50059.0,4844.0,0,14012.0,1935.0,15970,18.0,940,341.0,17.0,4032,,FOLLOWERS
231161,"May 8, 2023",139552.0,49744.0,4720.0,0,13938.0,1934.0,15945,18.0,935,341.0,17.0,4017,,FOLLOWERS
230276,"May 7, 2023",139281.0,49441.0,4538.0,0,13871.0,1933.0,15916,18.0,927,340.0,17.0,3994,,FOLLOWERS
229398,"May 6, 2023",139021.0,49174.0,4352.0,0,13773.0,1931.0,15884,18.0,921,339.0,17.0,3968,,FOLLOWERS
228353,"May 5, 2023",138748.0,48847.0,4064.0,0,13698.0,1928.0,15850,17.0,920,339.0,17.0,3925,,FOLLOWERS
227403,"May 4, 2023",138482.0,48570.0,3855.0,0,13619.0,1927.0,15776,16.0,918,339.0,17.0,3884,,FOLLOWERS
226420,"May 3, 2023",138210.0,48298.0,3572.0,0,13524.0,1927.0,15737,16.0,916,339.0,17.0,3864,,FOLLOWERS
225603,"May 2, 2023",137952.0,48032.0,3423.0,0,13442.0,1928.0,15706,14.0,916,337.0,17.0,3836,,FOLLOWERS
224930,"May 1, 2023",137703.0,47782.0,3376.0,0,13387.0,1924.0,15668,13.0,914,336.0,17.0,3810,,FOLLOWERS
224194,"April 30, 2023",137420.0,47543.0,3313.0,0,13310.0,1922.0,15633,13.0,912,336.0,17.0,3775,,FOLLOWERS
223480,"April 29, 2023",137170.0,47305.0,3238.0,0,13231.0,1919.0,15601,12.0,912,336.0,16.0,3740,,FOLLOWERS
222637,"April 28, 2023",136885.0,46989.0,3156.0,0,13146.0,1916.0,15568,9.0,909,335.0,15.0,3709,,FOLLOWERS
221863,"April 27, 2023",136609.0,46695.0,3092.0,0,13069.0,1914.0,15541,8.0,909,335.0,15.0,3676,,FOLLOWERS
221112,"April 26, 2023",136342.0,46438.0,3017.0,0,12988.0,1909.0,15509,7.0,903,335.0,15.0,3649,,FOLLOWERS
220388,"April 25, 2023",136070.0,46198.0,2947.0,0,12908.0,1909.0,15473,6.0,900,335.0,15.0,3627,,FOLLOWERS
219623,"April 24, 2023",135798.0,45930.0,2867.0,0,12825.0,1910.0,15441,6.0,898,335.0,14.0,3599,,FOLLOWERS
218851,"April 23, 2023",135525.0,45655.0,2752.0,0,12773.0,1908.0,15407,6.0,894,334.0,14.0,3583,,FOLLOWERS
218099,"April 22, 2023",135250.0,45379.0,2684.0,0,12713.0,1906.0,15370,5.0,893,333.0,14.0,3552,,FOLLOWERS
217274,"April 21, 2023",134884.0,45071.0,2634.0,0,12653.0,1906.0,15350,5.0,891,331.0,14.0,3535,,FOLLOWERS
216374,"April 20, 2023",134494.0,44748.0,2588.0,0,12589.0,1906.0,15301,5.0,890,330.0,14.0,3509,,FOLLOWERS
215527,"April 19, 2023",134117.0,44493.0,2516.0,0,12509.0,1904.0,15272,5.0,888,329.0,14.0,3480,,FOLLOWERS
214731,"April 18, 2023",133752.0,44251.0,2456.0,0,12439.0,1904.0,15242,5.0,886,328.0,14.0,3454,,FOLLOWERS
214020,"April 17, 2023",133465.0,44002.0,2397.0,0,12387.0,1901.0,15205,5.0,883,327.0,14.0,3434,,FOLLOWERS
213229,"April 16, 2023",133161.0,43729.0,2346.0,0,12301.0,1899.0,15155,4.0,882,326.0,14.0,3412,,FOLLOWERS
212468,"April 15, 2023",132847.0,43465.0,2291.0,0,12235.0,1898.0,15126,4.0,879,325.0,13.0,3385,,FOLLOWERS
211657,"April 14, 2023",132527.0,43190.0,2233.0,0,12162.0,1897.0,15079,4.0,875,323.0,13.0,3354,,FOLLOWERS
210729,"April 13, 2023",132122.0,42859.0,2170.0,0,12097.0,1898.0,15040,4.0,874,323.0,13.0,3329,,FOLLOWERS
209988,"April 12, 2023",131832.0,42619.0,2120.0,0,12002.0,1897.0,15007,4.0,871,322.0,13.0,3301,,FOLLOWERS
209215,"April 11, 2023",131517.0,42387.0,2056.0,0,11902.0,1895.0,14978,3.0,866,322.0,13.0,3276,,FOLLOWERS
208526,"April 10, 2023",131201.0,42190.0,2011.0,0,11819.0,1893.0,14954,3.0,862,322.0,13.0,3258,,FOLLOWERS
207794,"April 9, 2023",130896.0,41928.0,1977.0,0,11757.0,1891.0,14913,3.0,860,322.0,12.0,3235,,FOLLOWERS
207133,"April 8, 2023",130661.0,41671.0,1933.0,0,11685.0,1888.0,14889,3.0,860,320.0,12.0,3211,,FOLLOWERS
206404,"April 7, 2023",130366.0,41421.0,1881.0,0,11614.0,1887.0,14870,2.0,860,319.0,12.0,3172,,FOLLOWERS
205588,"April 6, 2023",130059.0,41126.0,1829.0,0,11521.0,1880.0,14846,2.0,858,319.0,11.0,3137,,FOLLOWERS
204780,"April 5, 2023",129735.0,40838.0,1765.0,0,11452.0,1878.0,14817,1.0,858,318.0,11.0,3107,,FOLLOWERS
204005,"April 4, 2023",129405.0,40577.0,1706.0,0,11385.0,1878.0,14789,1.0,855,318.0,11.0,3080,,FOLLOWERS
203183,"April 3, 2023",129069.0,40285.0,1655.0,0,11302.0,1878.0,14760,1.0,855,316.0,11.0,3051,,FOLLOWERS
202414,"April 2, 2023",128739.0,40001.0,1617.0,0,11247.0,1877.0,14738,1.0,852,314.0,10.0,3018,,FOLLOWERS
201580,"April 1, 2023",128435.0,39682.0,1575.0,0,11165.0,1871.0,14706,1.0,848,314.0,8.0,2975,,FOLLOWERS
200715,"March 31, 2023",128092.0,39348.0,1539.0,0,11098.0,1871.0,14659,1.0,847,314.0,7.0,2939,,FOLLOWERS
199793,"March 30, 2023",127704.0,39005.0,1481.0,0,11038.0,1871.0,14625,1.0,846,312.0,6.0,2904,,FOLLOWERS
198887,"March 29, 2023",127285.0,38709.0,1427.0,0,10958.0,1870.0,14599,1.0,844,310.0,4.0,2880,,FOLLOWERS
198031,"March 28, 2023",126925.0,38397.0,1373.0,0,10888.0,1874.0,14570,1.0,842,307.0,3.0,2851,,FOLLOWERS
197097,"March 27, 2023",126459.0,38138.0,1313.0,0,10799.0,1875.0,14538,1.0,841,307.0,3.0,2823,,FOLLOWERS
196185,"March 26, 2023",126037.0,37831.0,1269.0,0,10723.0,1878.0,14505,1.0,842,306.0,3.0,2790,,FOLLOWERS
195413,"March 25, 2023",125724.0,37567.0,1227.0,0,10641.0,1875.0,14469,1.0,841,306.0,3.0,2759,,FOLLOWERS
194470,"March 24, 2023",125320.0,37251.0,1164.0,0,10559.0,1874.0,14428,1.0,832,306.0,3.0,2732,,FOLLOWERS
193527,"March 23, 2023",124921.0,36919.0,1090.0,0,10481.0,1872.0,14405,1.0,829,306.0,3.0,2700,,FOLLOWERS
192522,"March 22, 2023",124499.0,36537.0,1031.0,0,10415.0,1871.0,14372,1.0,827,305.0,3.0,2661,,FOLLOWERS
191557,"March 21, 2023",124066.0,36207.0,990.0,0,10322.0,1868.0,14343,1.0,824,304.0,3.0,2629,,FOLLOWERS
190543,"March 20, 2023",123611.0,35840.0,952.0,0,10229.0,1867.0,14317,1.0,822,304.0,3.0,2597,,FOLLOWERS
189573,"March 19, 2023",123197.0,35503.0,911.0,0,10135.0,1864.0,14274,1.0,817,303.0,3.0,2565,,FOLLOWERS
188680,"March 18, 2023",122863.0,35173.0,852.0,0,10053.0,1864.0,14225,1.0,817,302.0,3.0,2527,,FOLLOWERS
187614,"March 17, 2023",122440.0,34780.0,772.0,0,9955.0,1864.0,14181,1.0,815,302.0,3.0,2501,,FOLLOWERS
186450,"March 16, 2023",121974.0,34358.0,671.0,0,9851.0,1860.0,14143,1.0,813,303.0,3.0,2473,,FOLLOWERS
185389,"March 15, 2023",121550.0,33986.0,577.0,0,9753.0,1860.0,14108,1.0,812,302.0,3.0,2437,,FOLLOWERS
184323,"March 14, 2023",121093.0,33605.0,519.0,0,9667.0,1856.0,14064,1.0,811,300.0,3.0,2404,,FOLLOWERS
183300,"March 13, 2023",120620.0,33260.0,471.0,0,9570.0,1857.0,14031,1.0,809,300.0,3.0,2378,,FOLLOWERS
182351,"March 12, 2023",120206.0,32941.0,423.0,0,9491.0,1858.0,13975,1.0,808,299.0,3.0,2346,,FOLLOWERS
181341,"March 11, 2023",119773.0,32592.0,384.0,0,9398.0,1856.0,13924,1.0,807,298.0,3.0,2305,,FOLLOWERS
180302,"March 10, 2023",119339.0,32228.0,331.0,0,9306.0,1855.0,13870,1.0,805,298.0,3.0,2266,,FOLLOWERS
179214,"March 9, 2023",118830.0,31858.0,287.0,0,9219.0,1856.0,13828,1.0,803,298.0,3.0,2231,,FOLLOWERS
178169,"March 8, 2023",118377.0,31482.0,245.0,0,9115.0,1853.0,13785,1.0,803,298.0,3.0,2207,,FOLLOWERS
177167,"March 7, 2023",117942.0,31131.0,205.0,0,9028.0,1849.0,13732,1.0,801,298.0,3.0,2177,,FOLLOWERS
176170,"March 6, 2023",117501.0,30752.0,182.0,0,8942.0,1850.0,13689,1.0,802,298.0,3.0,2150,,FOLLOWERS
175241,"March 5, 2023",117057.0,30434.0,161.0,0,8858.0,1852.0,13654,1.0,798,298.0,3.0,2125,,FOLLOWERS
174304,"March 4, 2023",116656.0,30089.0,139.0,0,8778.0,1852.0,13605,1.0,796,298.0,3.0,2087,,FOLLOWERS
173245,"March 3, 2023",116181.0,29703.0,119.0,0,8687.0,1849.0,13571,1.0,793,294.0,3.0,2044,,FOLLOWERS
172187,"March 2, 2023",115673.0,29326.0,98.0,0,8605.0,1851.0,13534,1.0,792,293.0,3.0,2011,,FOLLOWERS
171197,"March 1, 2023",115228.0,28973.0,72.0,0,8506.0,1852.0,13499,1.0,789,292.0,3.0,1982,,FOLLOWERS
170177,"February 28, 2023",114757.0,28622.0,59.0,0,8396.0,1853.0,13460,1.0,787,291.0,3.0,1948,,FOLLOWERS
169253,"February 27, 2023",114337.0,28298.0,40.0,0,8319.0,1850.0,13422,1.0,782,290.0,3.0,1911,,FOLLOWERS
168416,"February 26, 2023",113942.0,28027.0,24.0,0,8237.0,1850.0,13380,1.0,782,290.0,3.0,1880,,FOLLOWERS
167656,"February 25, 2023",113612.0,27742.0,17.0,0,8157.0,1849.0,13350,1.0,780,288.0,3.0,1857,,FOLLOWERS
166745,"February 24, 2023",113216.0,27382.0,14.0,0,8073.0,1847.0,13316,1.0,781,288.0,3.0,1824,,FOLLOWERS
165789,"February 23, 2023",112790.0,27029.0,7.0,0,7972.0,1847.0,13283,1.0,777,288.0,3.0,1792,,FOLLOWERS
164934,"February 22, 2023",112417.0,26720.0,3.0,0,7876.0,1843.0,13244,1.0,777,288.0,3.0,1762,,FOLLOWERS
164071,"February 21, 2023",111993.0,26434.0,3.0,0,7783.0,1842.0,13206,1.0,776,287.0,3.0,1743,,FOLLOWERS
163348,"February 20, 2023",111632.0,26210.0,3.0,0,7717.0,1842.0,13155,1.0,776,285.0,3.0,1724,,FOLLOWERS
162559,"February 19, 2023",111238.0,25979.0,1.0,0,7629.0,1842.0,13116,1.0,770,284.0,3.0,1696,,FOLLOWERS
161769,"February 18, 2023",110875.0,25724.0,1.0,0,7533.0,1843.0,13088,1.0,766,283.0,3.0,1652,,FOLLOWERS
160877,"February 17, 2023",110469.0,25419.0,0.0,0,7452.0,1843.0,13039,1.0,762,282.0,3.0,1607,,FOLLOWERS
159914,"February 16, 2023",109989.0,25110.0,0.0,0,7359.0,1842.0,12993,1.0,757,281.0,3.0,1579,,FOLLOWERS
159007,"February 15, 2023",109539.0,24821.0,0.0,0,7274.0,1841.0,12951,1.0,757,281.0,3.0,1539,,FOLLOWERS
158091,"February 14, 2023",109090.0,24532.0,0.0,0,7174.0,1842.0,12900,1.0,755,281.0,3.0,1513,,FOLLOWERS
157254,"February 13, 2023",108682.0,24254.0,0.0,0,7081.0,1845.0,12865,1.0,755,278.0,3.0,1490,,FOLLOWERS
156389,"February 12, 2023",108255.0,23985.0,0.0,0,6992.0,1846.0,12816,0.0,753,277.0,3.0,1462,,FOLLOWERS
155575,"February 11, 2023",107868.0,23677.0,0.0,0,6936.0,1847.0,12779,0.0,754,277.0,3.0,1434,,FOLLOWERS
154653,"February 10, 2023",107435.0,23349.0,0.0,0,6845.0,1847.0,12742,0.0,753,277.0,3.0,1402,,FOLLOWERS
153729,"February 9, 2023",106961.0,23073.0,0.0,0,6758.0,1846.0,12696,0.0,751,277.0,3.0,1364,,FOLLOWERS
152833,"February 8, 2023",106521.0,22779.0,0.0,0,6670.0,1846.0,12655,0.0,749,276.0,2.0,1335,,FOLLOWERS
151983,"February 7, 2023",106080.0,22514.0,0.0,0,6588.0,1848.0,12604,0.0,767,276.0,2.0,1304,,FOLLOWERS
151093,"February 6, 2023",105642.0,22227.0,0.0,0,6500.0,1849.0,12556,0.0,773,274.0,2.0,1270,,FOLLOWERS
150247,"February 5, 2023",105230.0,21945.0,0.0,0,6413.0,1848.0,12510,0.0,782,273.0,2.0,1244,,FOLLOWERS
149333,"February 4, 2023",104815.0,21595.0,0.0,0,6313.0,1847.0,12461,0.0,802,273.0,2.0,1225,,FOLLOWERS
148350,"February 3, 2023",104378.0,21243.0,0.0,0,6197.0,1845.0,12415,0.0,814,272.0,2.0,1184,,FOLLOWERS
147367,"February 2, 2023",103916.0,20872.0,0.0,0,6107.0,1846.0,12379,0.0,822,271.0,2.0,1152,,FOLLOWERS
146504,"February 1, 2023",103492.0,20596.0,0.0,0,6022.0,1847.0,12322,0.0,824,268.0,2.0,1131,,FOLLOWERS
145633,"January 31, 2023",103041.0,20362.0,0.0,0,5916.0,1848.0,12269,0.0,823,267.0,2.0,1105,,FOLLOWERS
144746,"January 30, 2023",102584.0,20121.0,0.0,0,5805.0,1848.0,12226,0.0,819,267.0,2.0,1074,,FOLLOWERS
143851,"January 29, 2023",102125.0,19859.0,0.0,0,5709.0,1847.0,12174,0.0,815,267.0,2.0,1053,,FOLLOWERS
142897,"January 28, 2023",101692.0,19511.0,0.0,0,5614.0,1849.0,12117,0.0,813,266.0,2.0,1033,,FOLLOWERS
141953,"January 27, 2023",101253.0,19196.0,0.0,0,5511.0,1850.0,12056,0.0,814,266.0,2.0,1005,,FOLLOWERS
140934,"January 26, 2023",100731.0,18862.0,0.0,0,5422.0,1849.0,12012,0.0,811,266.0,2.0,979,,FOLLOWERS
139987,"January 25, 2023",100248.0,18585.0,0.0,0,5343.0,1849.0,11942,0.0,810,262.0,2.0,946,,FOLLOWERS
139027,"January 24, 2023",99720.0,18336.0,0.0,0,5256.0,1849.0,11876,0.0,806,262.0,2.0,920,,FOLLOWERS
138030,"January 23, 2023",99193.0,18046.0,0.0,0,5170.0,1848.0,11806,0.0,804,263.0,2.0,898,,FOLLOWERS
137078,"January 22, 2023",98688.0,17773.0,0.0,0,5091.0,1849.0,11737,0.0,805,263.0,1.0,871,,FOLLOWERS
136195,"January 21, 2023",98263.0,17505.0,0.0,0,4975.0,1849.0,11686,0.0,803,262.0,1.0,851,,FOLLOWERS
135192,"January 20, 2023",97735.0,17211.0,0.0,0,4865.0,1848.0,11636,0.0,805,261.0,1.0,830,,FOLLOWERS
134253,"January 19, 2023",97223.0,16944.0,0.0,0,4784.0,1847.0,11576,0.0,804,261.0,0.0,814,,FOLLOWERS
133217,"January 18, 2023",96671.0,16645.0,0.0,0,4688.0,1845.0,11508,0.0,805,261.0,0.0,794,,FOLLOWERS
132288,"January 17, 2023",96170.0,16393.0,0.0,0,4596.0,1847.0,11447,0.0,804,261.0,0.0,770,,FOLLOWERS
131358,"January 16, 2023",95615.0,16140.0,0.0,0,4522.0,1850.0,11412,0.0,802,261.0,0.0,756,,FOLLOWERS
130456,"January 15, 2023",95132.0,15882.0,0.0,0,4437.0,1850.0,11366,0.0,800,259.0,0.0,730,,FOLLOWERS
129529,"January 14, 2023",94605.0,15624.0,0.0,0,4337.0,1853.0,11342,0.0,800,258.0,0.0,710,,FOLLOWERS
128597,"January 13, 2023",94122.0,15333.0,0.0,0,4233.0,1855.0,11303,0.0,799,258.0,0.0,694,,FOLLOWERS
127485,"January 12, 2023",93506.0,15034.0,0.0,0,4119.0,1852.0,11250,0.0,797,256.0,0.0,671,,FOLLOWERS
126454,"January 11, 2023",92933.0,14751.0,0.0,0,4019.0,1855.0,11196,0.0,796,256.0,0.0,648,,FOLLOWERS
125428,"January 10, 2023",92369.0,14468.0,0.0,0,3913.0,1856.0,11148,0.0,794,255.0,0.0,625,,FOLLOWERS
124442,"January 9, 2023",91737.0,14253.0,0.0,0,3835.0,1858.0,11112,0.0,792,255.0,0.0,600,,FOLLOWERS
123477,"January 8, 2023",91177.0,13989.0,0.0,0,3761.0,1857.0,11064,0.0,790,254.0,0.0,585,,FOLLOWERS
122556,"January 7, 2023",90631.0,13745.0,0.0,0,3691.0,1857.0,11023,0.0,786,253.0,0.0,570,,FOLLOWERS
121533,"January 6, 2023",90059.0,13515.0,0.0,0,3604.0,1858.0,10981,0.0,708,252.0,0.0,556,,FOLLOWERS
120613,"January 5, 2023",89521.0,13255.0,0.0,0,3538.0,1855.0,10945,0.0,703,251.0,0.0,545,,FOLLOWERS
119704,"January 4, 2023",88983.0,13042.0,0.0,0,3441.0,1854.0,10901,0.0,701,251.0,0.0,531,,FOLLOWERS
118783,"January 3, 2023",88407.0,12840.0,0.0,0,3362.0,1856.0,10858,0.0,700,252.0,0.0,508,,FOLLOWERS
117920,"January 2, 2023",87904.0,12616.0,0.0,0,3279.0,1857.0,10820,0.0,698,251.0,0.0,495,,FOLLOWERS
117002,"January 1, 2023",87347.0,12381.0,0.0,0,3200.0,1860.0,10782,0.0,698,249.0,0.0,485,,FOLLOWERS
